{"count":1,"self":23.458536,"total":27.4352481,"children":{"InitializeActuators":{"count":1,"self":0.0019990999999999997,"total":0.0019990999999999997,"children":null},"InitializeSensors":{"count":1,"self":0.0009993,"total":0.0009993,"children":null},"AgentSendState":{"count":1124,"self":0.014768,"total":0.041252699999999996,"children":{"CollectObservations":{"count":1101,"self":0.0069980999999999993,"total":0.0069980999999999993,"children":null},"WriteActionMask":{"count":1101,"self":0.0040878,"total":0.0040878,"children":null},"RequestDecision":{"count":1101,"self":0.015398799999999999,"total":0.015398799999999999,"children":null}}},"DecideAction":{"count":1124,"self":3.6482088,"total":3.6482086,"children":null},"AgentAct":{"count":1124,"self":0.28325269999999997,"total":0.28325269999999997,"children":null}},"gauges":{"Adaptivity.CumulativeReward":{"count":118,"max":82.55275,"min":-59.1989746,"runningAverage":25.3646622,"value":64.25209,"weightedAverage":39.4125}},"metadata":{"timer_format_version":"0.1.0","start_time_seconds":"1624488347","unity_version":"2020.2.2f1","command_line_arguments":"C:\\Program Files\\Unity\\Hub\\Editor\\2020.2.2f1\\Editor\\Unity.exe -projectpath C:\/Users\/figor\/Desktop\/RedRunner -useHub -hubIPC -cloudEnvironment production -hubSessionId 3e372bb0-d474-11eb-a90f-0d1cb2993d28 -accessToken PQR2MInWDG_ED5HBaqAu6BJ2IIyCmA6OppXVgzLBs_I006f","communication_protocol_version":"1.5.0","com.unity.ml-agents_version":"1.9.0-preview","scene_name":"AdaptivitySimulation","end_time_seconds":"1624488374"}}