{"count":1,"self":17.1875472,"total":17.6081313,"children":{"InitializeActuators":{"count":1,"self":0.0019997,"total":0.0019997,"children":null},"InitializeSensors":{"count":1,"self":0.0019993,"total":0.0019993,"children":null},"AgentSendState":{"count":465,"self":0.0078030999999999994,"total":0.40717169999999997,"children":{"CollectObservations":{"count":457,"self":0.0019986,"total":0.0019986,"children":null},"WriteActionMask":{"count":457,"self":0.0024297999999999998,"total":0.0024297999999999998,"children":null},"RequestDecision":{"count":457,"self":0.0059993999999999994,"total":0.39494019999999996,"children":{"CameraSensor.GetCompressedObservation":{"count":457,"self":0.3889408,"total":0.3889408,"children":null}}}}},"DecideAction":{"count":465,"self":0.0068281999999999995,"total":0.0068281999999999995,"children":null},"AgentAct":{"count":465,"self":0.0015854999999999999,"total":0.0015854999999999999,"children":null}},"gauges":{},"metadata":{"timer_format_version":"0.1.0","start_time_seconds":"1616094850","unity_version":"2020.2.2f1","command_line_arguments":"C:\\Program Files\\Unity\\Hub\\Editor\\2020.2.2f1\\Editor\\Unity.exe -projectpath C:\/Users\/figor\/Desktop\/RedRunner -useHub -hubIPC -cloudEnvironment production -hubSessionId b43af780-87f6-11eb-9251-fdc9fb82862b -accessToken _qgdMC5aIJZU0sX4xUHVLAjnht1-Fl40U0iEFIK7A3o006f","communication_protocol_version":"1.5.0","com.unity.ml-agents_version":"1.9.0-preview","scene_name":"Play","end_time_seconds":"1616094868"}}